mesure_id,date,valeur,validation,site_id,type_appareil_id,type_appareil_label,code_polluant,label_polluant,id_poll_ue,label_court_polluant,label_unite,label_court_unite,unite,site_label
FR15043_39_11,2021-01-01,7.7,True,FR15043,11,Analyseur Air,39,"particules PM2,5",6001,PM2.5,Microgramme par m3,microg/m3,µg/m³,Grenoble les Frênes
FR15043_39_11,2021-01-02,12.2,True,FR15043,11,Analyseur Air,39,"particules PM2,5",6001,PM2.5,Microgramme par m3,microg/m3,µg/m³,Grenoble les Frênes
FR15043_39_11,2021-01-03,9.1,True,FR15043,11,Analyseur Air,39,"particules PM2,5",6001,PM2.5,Microgramme par m3,microg/m3,µg/m³,Grenoble les Frênes
FR15043_39_11,2021-01-04,15.3,True,FR15043,11,Analyseur Air,39,"particules PM2,5",6001,PM2.5,Microgramme par m3,microg/m3,µg/m³,Grenoble les Frênes
FR15043_39_11,2021-01-05,21.3,True,FR15043,11,Analyseur Air,39,"particules PM2,5",6001,PM2.5,Microgramme par m3,microg/m3,µg/m³,Grenoble les Frênes
FR15043_39_11,2021-01-06,19.5,True,FR15043,11,Analyseur Air,39,"particules PM2,5",6001,PM2.5,Microgramme par m3,microg/m3,µg/m³,Grenoble les Frênes
FR15043_39_11,2021-01-07,14,True,FR15043,11,Analyseur Air,39,"particules PM2,5",6001,PM2.5,Microgramme par m3,microg/m3,µg/m³,Grenoble les Frênes
FR15043_39_11,2021-01-08,16.6,True,FR15043,11,Analyseur Air,39,"particules PM2,5",6001,PM2.5,Microgramme par m3,microg/m3,µg/m³,Grenoble les Frênes
FR15043_39_11,2021-01-09,21.2,True,FR15043,11,Analyseur Air,39,"particules PM2,5",6001,PM2.5,Microgramme par m3,microg/m3,µg/m³,Grenoble les Frênes
FR15043_39_11,2021-01-10,29.4,True,FR15043,11,Analyseur Air,39,"particules PM2,5",6001,PM2.5,Microgramme par m3,microg/m3,µg/m³,Grenoble les Frênes
FR15043_39_11,2021-01-11,26.8,True,FR15043,11,Analyseur Air,39,"particules PM2,5",6001,PM2.5,Microgramme par m3,microg/m3,µg/m³,Grenoble les Frênes
FR15043_39_11,2021-01-12,34.4,True,FR15043,11,Analyseur Air,39,"particules PM2,5",6001,PM2.5,Microgramme par m3,microg/m3,µg/m³,Grenoble les Frênes
FR15043_39_11,2021-01-13,22.5,True,FR15043,11,Analyseur Air,39,"particules PM2,5",6001,PM2.5,Microgramme par m3,microg/m3,µg/m³,Grenoble les Frênes
FR15043_39_11,2021-01-14,13.4,True,FR15043,11,Analyseur Air,39,"particules PM2,5",6001,PM2.5,Microgramme par m3,microg/m3,µg/m³,Grenoble les Frênes
FR15043_39_11,2021-01-15,3.9,True,FR15043,11,Analyseur Air,39,"particules PM2,5",6001,PM2.5,Microgramme par m3,microg/m3,µg/m³,Grenoble les Frênes
FR15043_39_11,2021-01-16,16.9,True,FR15043,11,Analyseur Air,39,"particules PM2,5",6001,PM2.5,Microgramme par m3,microg/m3,µg/m³,Grenoble les Frênes
FR15043_39_11,2021-01-17,17.1,True,FR15043,11,Analyseur Air,39,"particules PM2,5",6001,PM2.5,Microgramme par m3,microg/m3,µg/m³,Grenoble les Frênes
FR15043_39_11,2021-01-18,13.5,True,FR15043,11,Analyseur Air,39,"particules PM2,5",6001,PM2.5,Microgramme par m3,microg/m3,µg/m³,Grenoble les Frênes
FR15043_39_11,2021-01-19,15.3,True,FR15043,11,Analyseur Air,39,"particules PM2,5",6001,PM2.5,Microgramme par m3,microg/m3,µg/m³,Grenoble les Frênes
FR15043_39_11,2021-01-20,4.7,True,FR15043,11,Analyseur Air,39,"particules PM2,5",6001,PM2.5,Microgramme par m3,microg/m3,µg/m³,Grenoble les Frênes
FR15043_39_11,2021-01-21,1.3,True,FR15043,11,Analyseur Air,39,"particules PM2,5",6001,PM2.5,Microgramme par m3,microg/m3,µg/m³,Grenoble les Frênes
FR15043_39_11,2021-01-22,2,True,FR15043,11,Analyseur Air,39,"particules PM2,5",6001,PM2.5,Microgramme par m3,microg/m3,µg/m³,Grenoble les Frênes
FR15043_39_11,2021-01-23,4,True,FR15043,11,Analyseur Air,39,"particules PM2,5",6001,PM2.5,Microgramme par m3,microg/m3,µg/m³,Grenoble les Frênes
FR15043_39_11,2021-01-24,3.3,True,FR15043,11,Analyseur Air,39,"particules PM2,5",6001,PM2.5,Microgramme par m3,microg/m3,µg/m³,Grenoble les Frênes
FR15043_39_11,2021-01-25,3.9,True,FR15043,11,Analyseur Air,39,"particules PM2,5",6001,PM2.5,Microgramme par m3,microg/m3,µg/m³,Grenoble les Frênes
FR15043_39_11,2021-01-26,10.9,True,FR15043,11,Analyseur Air,39,"particules PM2,5",6001,PM2.5,Microgramme par m3,microg/m3,µg/m³,Grenoble les Frênes
FR15043_39_11,2021-01-27,15.3,True,FR15043,11,Analyseur Air,39,"particules PM2,5",6001,PM2.5,Microgramme par m3,microg/m3,µg/m³,Grenoble les Frênes
FR15043_39_11,2021-01-28,17.3,True,FR15043,11,Analyseur Air,39,"particules PM2,5",6001,PM2.5,Microgramme par m3,microg/m3,µg/m³,Grenoble les Frênes
FR15043_39_11,2021-01-29,7.3,True,FR15043,11,Analyseur Air,39,"particules PM2,5",6001,PM2.5,Microgramme par m3,microg/m3,µg/m³,Grenoble les Frênes
FR15043_39_11,2021-01-30,8.3,True,FR15043,11,Analyseur Air,39,"particules PM2,5",6001,PM2.5,Microgramme par m3,microg/m3,µg/m³,Grenoble les Frênes
FR15043_39_11,2021-01-31,13.3,True,FR15043,11,Analyseur Air,39,"particules PM2,5",6001,PM2.5,Microgramme par m3,microg/m3,µg/m³,Grenoble les Frênes
FR15043_39_11,2021-02-01,8.5,True,FR15043,11,Analyseur Air,39,"particules PM2,5",6001,PM2.5,Microgramme par m3,microg/m3,µg/m³,Grenoble les Frênes
FR15043_39_11,2021-02-02,12.1,True,FR15043,11,Analyseur Air,39,"particules PM2,5",6001,PM2.5,Microgramme par m3,microg/m3,µg/m³,Grenoble les Frênes
FR15043_39_11,2021-02-03,7.8,True,FR15043,11,Analyseur Air,39,"particules PM2,5",6001,PM2.5,Microgramme par m3,microg/m3,µg/m³,Grenoble les Frênes
FR15043_39_11,2021-02-04,9.9,True,FR15043,11,Analyseur Air,39,"particules PM2,5",6001,PM2.5,Microgramme par m3,microg/m3,µg/m³,Grenoble les Frênes
FR15043_39_11,2021-02-05,17.2,True,FR15043,11,Analyseur Air,39,"particules PM2,5",6001,PM2.5,Microgramme par m3,microg/m3,µg/m³,Grenoble les Frênes
FR15043_39_11,2021-02-06,23,True,FR15043,11,Analyseur Air,39,"particules PM2,5",6001,PM2.5,Microgramme par m3,microg/m3,µg/m³,Grenoble les Frênes
FR15043_39_11,2021-02-07,10.7,True,FR15043,11,Analyseur Air,39,"particules PM2,5",6001,PM2.5,Microgramme par m3,microg/m3,µg/m³,Grenoble les Frênes
FR15043_39_11,2021-02-08,10.1,True,FR15043,11,Analyseur Air,39,"particules PM2,5",6001,PM2.5,Microgramme par m3,microg/m3,µg/m³,Grenoble les Frênes
FR15043_39_11,2021-02-09,10.7,True,FR15043,11,Analyseur Air,39,"particules PM2,5",6001,PM2.5,Microgramme par m3,microg/m3,µg/m³,Grenoble les Frênes
FR15043_39_11,2021-02-10,5.7,True,FR15043,11,Analyseur Air,39,"particules PM2,5",6001,PM2.5,Microgramme par m3,microg/m3,µg/m³,Grenoble les Frênes
FR15043_39_11,2021-02-11,18.5,True,FR15043,11,Analyseur Air,39,"particules PM2,5",6001,PM2.5,Microgramme par m3,microg/m3,µg/m³,Grenoble les Frênes
FR15043_39_11,2021-02-12,28.5,True,FR15043,11,Analyseur Air,39,"particules PM2,5",6001,PM2.5,Microgramme par m3,microg/m3,µg/m³,Grenoble les Frênes
FR15043_39_11,2021-02-13,25.4,True,FR15043,11,Analyseur Air,39,"particules PM2,5",6001,PM2.5,Microgramme par m3,microg/m3,µg/m³,Grenoble les Frênes
FR15043_39_11,2021-02-14,27.4,True,FR15043,11,Analyseur Air,39,"particules PM2,5",6001,PM2.5,Microgramme par m3,microg/m3,µg/m³,Grenoble les Frênes
FR15043_39_11,2021-02-15,12.6,True,FR15043,11,Analyseur Air,39,"particules PM2,5",6001,PM2.5,Microgramme par m3,microg/m3,µg/m³,Grenoble les Frênes
FR15043_39_11,2021-02-16,11,True,FR15043,11,Analyseur Air,39,"particules PM2,5",6001,PM2.5,Microgramme par m3,microg/m3,µg/m³,Grenoble les Frênes
FR15043_39_11,2021-02-17,14,True,FR15043,11,Analyseur Air,39,"particules PM2,5",6001,PM2.5,Microgramme par m3,microg/m3,µg/m³,Grenoble les Frênes
FR15043_39_11,2021-02-18,11.8,True,FR15043,11,Analyseur Air,39,"particules PM2,5",6001,PM2.5,Microgramme par m3,microg/m3,µg/m³,Grenoble les Frênes
FR15043_39_11,2021-02-19,13.9,True,FR15043,11,Analyseur Air,39,"particules PM2,5",6001,PM2.5,Microgramme par m3,microg/m3,µg/m³,Grenoble les Frênes
FR15043_39_11,2021-02-20,10.5,True,FR15043,11,Analyseur Air,39,"particules PM2,5",6001,PM2.5,Microgramme par m3,microg/m3,µg/m³,Grenoble les Frênes
FR15043_39_11,2021-02-21,10.9,True,FR15043,11,Analyseur Air,39,"particules PM2,5",6001,PM2.5,Microgramme par m3,microg/m3,µg/m³,Grenoble les Frênes
FR15043_39_11,2021-02-22,15.8,True,FR15043,11,Analyseur Air,39,"particules PM2,5",6001,PM2.5,Microgramme par m3,microg/m3,µg/m³,Grenoble les Frênes
FR15043_39_11,2021-02-23,21.2,True,FR15043,11,Analyseur Air,39,"particules PM2,5",6001,PM2.5,Microgramme par m3,microg/m3,µg/m³,Grenoble les Frênes
FR15043_39_11,2021-02-24,26.2,True,FR15043,11,Analyseur Air,39,"particules PM2,5",6001,PM2.5,Microgramme par m3,microg/m3,µg/m³,Grenoble les Frênes
FR15043_39_11,2021-02-25,28.2,True,FR15043,11,Analyseur Air,39,"particules PM2,5",6001,PM2.5,Microgramme par m3,microg/m3,µg/m³,Grenoble les Frênes
FR15043_39_11,2021-02-26,23.1,True,FR15043,11,Analyseur Air,39,"particules PM2,5",6001,PM2.5,Microgramme par m3,microg/m3,µg/m³,Grenoble les Frênes
FR15043_39_11,2021-02-27,12.7,True,FR15043,11,Analyseur Air,39,"particules PM2,5",6001,PM2.5,Microgramme par m3,microg/m3,µg/m³,Grenoble les Frênes
FR15043_39_11,2021-02-28,19,True,FR15043,11,Analyseur Air,39,"particules PM2,5",6001,PM2.5,Microgramme par m3,microg/m3,µg/m³,Grenoble les Frênes
FR15043_39_11,2021-03-01,20.2,True,FR15043,11,Analyseur Air,39,"particules PM2,5",6001,PM2.5,Microgramme par m3,microg/m3,µg/m³,Grenoble les Frênes
FR15043_39_11,2021-03-02,16.4,True,FR15043,11,Analyseur Air,39,"particules PM2,5",6001,PM2.5,Microgramme par m3,microg/m3,µg/m³,Grenoble les Frênes
FR15043_39_11,2021-03-03,20.4,True,FR15043,11,Analyseur Air,39,"particules PM2,5",6001,PM2.5,Microgramme par m3,microg/m3,µg/m³,Grenoble les Frênes
FR15043_39_11,2021-03-04,19.4,True,FR15043,11,Analyseur Air,39,"particules PM2,5",6001,PM2.5,Microgramme par m3,microg/m3,µg/m³,Grenoble les Frênes
FR15043_39_11,2021-03-05,19.4,True,FR15043,11,Analyseur Air,39,"particules PM2,5",6001,PM2.5,Microgramme par m3,microg/m3,µg/m³,Grenoble les Frênes
FR15043_39_11,2021-03-06,18.1,True,FR15043,11,Analyseur Air,39,"particules PM2,5",6001,PM2.5,Microgramme par m3,microg/m3,µg/m³,Grenoble les Frênes
FR15043_39_11,2021-03-07,17.9,True,FR15043,11,Analyseur Air,39,"particules PM2,5",6001,PM2.5,Microgramme par m3,microg/m3,µg/m³,Grenoble les Frênes
FR15043_39_11,2021-03-08,16.2,True,FR15043,11,Analyseur Air,39,"particules PM2,5",6001,PM2.5,Microgramme par m3,microg/m3,µg/m³,Grenoble les Frênes
FR15043_39_11,2021-03-09,20,True,FR15043,11,Analyseur Air,39,"particules PM2,5",6001,PM2.5,Microgramme par m3,microg/m3,µg/m³,Grenoble les Frênes
FR15043_39_11,2021-03-10,22.3,True,FR15043,11,Analyseur Air,39,"particules PM2,5",6001,PM2.5,Microgramme par m3,microg/m3,µg/m³,Grenoble les Frênes
FR15043_39_11,2021-03-11,16,True,FR15043,11,Analyseur Air,39,"particules PM2,5",6001,PM2.5,Microgramme par m3,microg/m3,µg/m³,Grenoble les Frênes
FR15043_39_11,2021-03-12,5.1,True,FR15043,11,Analyseur Air,39,"particules PM2,5",6001,PM2.5,Microgramme par m3,microg/m3,µg/m³,Grenoble les Frênes
FR15043_39_11,2021-03-13,4.1,True,FR15043,11,Analyseur Air,39,"particules PM2,5",6001,PM2.5,Microgramme par m3,microg/m3,µg/m³,Grenoble les Frênes
FR15043_39_11,2021-03-14,3,True,FR15043,11,Analyseur Air,39,"particules PM2,5",6001,PM2.5,Microgramme par m3,microg/m3,µg/m³,Grenoble les Frênes
FR15043_39_11,2021-03-15,5.5,True,FR15043,11,Analyseur Air,39,"particules PM2,5",6001,PM2.5,Microgramme par m3,microg/m3,µg/m³,Grenoble les Frênes
FR15043_39_11,2021-03-16,4.7,True,FR15043,11,Analyseur Air,39,"particules PM2,5",6001,PM2.5,Microgramme par m3,microg/m3,µg/m³,Grenoble les Frênes
FR15043_39_11,2021-03-17,3.8,True,FR15043,11,Analyseur Air,39,"particules PM2,5",6001,PM2.5,Microgramme par m3,microg/m3,µg/m³,Grenoble les Frênes
FR15043_39_11,2021-03-18,6.5,True,FR15043,11,Analyseur Air,39,"particules PM2,5",6001,PM2.5,Microgramme par m3,microg/m3,µg/m³,Grenoble les Frênes
FR15043_39_11,2021-03-19,9.9,True,FR15043,11,Analyseur Air,39,"particules PM2,5",6001,PM2.5,Microgramme par m3,microg/m3,µg/m³,Grenoble les Frênes
FR15043_39_11,2021-03-20,8.8,True,FR15043,11,Analyseur Air,39,"particules PM2,5",6001,PM2.5,Microgramme par m3,microg/m3,µg/m³,Grenoble les Frênes
FR15043_39_11,2021-03-21,7.9,True,FR15043,11,Analyseur Air,39,"particules PM2,5",6001,PM2.5,Microgramme par m3,microg/m3,µg/m³,Grenoble les Frênes
FR15043_39_11,2021-03-22,10.1,True,FR15043,11,Analyseur Air,39,"particules PM2,5",6001,PM2.5,Microgramme par m3,microg/m3,µg/m³,Grenoble les Frênes
FR15043_39_11,2021-03-23,12.3,True,FR15043,11,Analyseur Air,39,"particules PM2,5",6001,PM2.5,Microgramme par m3,microg/m3,µg/m³,Grenoble les Frênes
FR15043_39_11,2021-03-24,11.9,True,FR15043,11,Analyseur Air,39,"particules PM2,5",6001,PM2.5,Microgramme par m3,microg/m3,µg/m³,Grenoble les Frênes
FR15043_39_11,2021-03-25,10.2,True,FR15043,11,Analyseur Air,39,"particules PM2,5",6001,PM2.5,Microgramme par m3,microg/m3,µg/m³,Grenoble les Frênes
FR15043_39_11,2021-03-26,13.6,True,FR15043,11,Analyseur Air,39,"particules PM2,5",6001,PM2.5,Microgramme par m3,microg/m3,µg/m³,Grenoble les Frênes
FR15043_39_11,2021-03-27,4.8,True,FR15043,11,Analyseur Air,39,"particules PM2,5",6001,PM2.5,Microgramme par m3,microg/m3,µg/m³,Grenoble les Frênes
FR15043_39_11,2021-03-28,7.8,True,FR15043,11,Analyseur Air,39,"particules PM2,5",6001,PM2.5,Microgramme par m3,microg/m3,µg/m³,Grenoble les Frênes
FR15043_39_11,2021-03-29,8.7,True,FR15043,11,Analyseur Air,39,"particules PM2,5",6001,PM2.5,Microgramme par m3,microg/m3,µg/m³,Grenoble les Frênes
FR15043_39_11,2021-04-02,10.7,True,FR15043,11,Analyseur Air,39,"particules PM2,5",6001,PM2.5,Microgramme par m3,microg/m3,µg/m³,Grenoble les Frênes
FR15043_39_11,2021-04-03,11.3,True,FR15043,11,Analyseur Air,39,"particules PM2,5",6001,PM2.5,Microgramme par m3,microg/m3,µg/m³,Grenoble les Frênes
FR15043_39_11,2021-04-04,7.3,True,FR15043,11,Analyseur Air,39,"particules PM2,5",6001,PM2.5,Microgramme par m3,microg/m3,µg/m³,Grenoble les Frênes
FR15043_39_11,2021-04-05,6.2,True,FR15043,11,Analyseur Air,39,"particules PM2,5",6001,PM2.5,Microgramme par m3,microg/m3,µg/m³,Grenoble les Frênes
FR15043_39_11,2021-04-06,4.6,True,FR15043,11,Analyseur Air,39,"particules PM2,5",6001,PM2.5,Microgramme par m3,microg/m3,µg/m³,Grenoble les Frênes
FR15043_39_11,2021-04-07,4.2,True,FR15043,11,Analyseur Air,39,"particules PM2,5",6001,PM2.5,Microgramme par m3,microg/m3,µg/m³,Grenoble les Frênes
FR15043_39_11,2021-04-08,5.4,True,FR15043,11,Analyseur Air,39,"particules PM2,5",6001,PM2.5,Microgramme par m3,microg/m3,µg/m³,Grenoble les Frênes
FR15043_39_11,2021-04-09,6,True,FR15043,11,Analyseur Air,39,"particules PM2,5",6001,PM2.5,Microgramme par m3,microg/m3,µg/m³,Grenoble les Frênes
FR15043_39_11,2021-04-10,4.2,True,FR15043,11,Analyseur Air,39,"particules PM2,5",6001,PM2.5,Microgramme par m3,microg/m3,µg/m³,Grenoble les Frênes
FR15043_39_11,2021-04-11,3,True,FR15043,11,Analyseur Air,39,"particules PM2,5",6001,PM2.5,Microgramme par m3,microg/m3,µg/m³,Grenoble les Frênes
FR15043_39_11,2021-04-12,2.7,True,FR15043,11,Analyseur Air,39,"particules PM2,5",6001,PM2.5,Microgramme par m3,microg/m3,µg/m³,Grenoble les Frênes
FR15043_39_11,2021-04-13,5.4,True,FR15043,11,Analyseur Air,39,"particules PM2,5",6001,PM2.5,Microgramme par m3,microg/m3,µg/m³,Grenoble les Frênes
FR15043_39_11,2021-04-14,9,True,FR15043,11,Analyseur Air,39,"particules PM2,5",6001,PM2.5,Microgramme par m3,microg/m3,µg/m³,Grenoble les Frênes
FR15043_39_11,2021-04-15,10.2,True,FR15043,11,Analyseur Air,39,"particules PM2,5",6001,PM2.5,Microgramme par m3,microg/m3,µg/m³,Grenoble les Frênes
FR15043_39_11,2021-04-16,13.7,True,FR15043,11,Analyseur Air,39,"particules PM2,5",6001,PM2.5,Microgramme par m3,microg/m3,µg/m³,Grenoble les Frênes
FR15043_39_11,2021-04-17,15.7,True,FR15043,11,Analyseur Air,39,"particules PM2,5",6001,PM2.5,Microgramme par m3,microg/m3,µg/m³,Grenoble les Frênes
FR15043_39_11,2021-04-18,12.5,True,FR15043,11,Analyseur Air,39,"particules PM2,5",6001,PM2.5,Microgramme par m3,microg/m3,µg/m³,Grenoble les Frênes
FR15043_39_11,2021-04-19,11.3,True,FR15043,11,Analyseur Air,39,"particules PM2,5",6001,PM2.5,Microgramme par m3,microg/m3,µg/m³,Grenoble les Frênes
FR15043_39_11,2021-04-20,7,True,FR15043,11,Analyseur Air,39,"particules PM2,5",6001,PM2.5,Microgramme par m3,microg/m3,µg/m³,Grenoble les Frênes
FR15043_39_11,2021-04-21,6,True,FR15043,11,Analyseur Air,39,"particules PM2,5",6001,PM2.5,Microgramme par m3,microg/m3,µg/m³,Grenoble les Frênes
FR15043_39_11,2021-04-22,6.8,True,FR15043,11,Analyseur Air,39,"particules PM2,5",6001,PM2.5,Microgramme par m3,microg/m3,µg/m³,Grenoble les Frênes
FR15043_39_11,2021-04-23,8.7,True,FR15043,11,Analyseur Air,39,"particules PM2,5",6001,PM2.5,Microgramme par m3,microg/m3,µg/m³,Grenoble les Frênes
FR15043_39_11,2021-04-24,9.2,True,FR15043,11,Analyseur Air,39,"particules PM2,5",6001,PM2.5,Microgramme par m3,microg/m3,µg/m³,Grenoble les Frênes
FR15043_39_11,2021-04-25,8.3,True,FR15043,11,Analyseur Air,39,"particules PM2,5",6001,PM2.5,Microgramme par m3,microg/m3,µg/m³,Grenoble les Frênes
FR15043_39_11,2021-04-26,10.8,True,FR15043,11,Analyseur Air,39,"particules PM2,5",6001,PM2.5,Microgramme par m3,microg/m3,µg/m³,Grenoble les Frênes
FR15043_39_11,2021-04-27,10.3,True,FR15043,11,Analyseur Air,39,"particules PM2,5",6001,PM2.5,Microgramme par m3,microg/m3,µg/m³,Grenoble les Frênes
FR15043_39_11,2021-04-28,5.6,True,FR15043,11,Analyseur Air,39,"particules PM2,5",6001,PM2.5,Microgramme par m3,microg/m3,µg/m³,Grenoble les Frênes
FR15043_39_11,2021-04-29,3.7,True,FR15043,11,Analyseur Air,39,"particules PM2,5",6001,PM2.5,Microgramme par m3,microg/m3,µg/m³,Grenoble les Frênes
FR15043_39_11,2021-04-30,5,True,FR15043,11,Analyseur Air,39,"particules PM2,5",6001,PM2.5,Microgramme par m3,microg/m3,µg/m³,Grenoble les Frênes
FR15043_39_11,2021-05-01,3.2,True,FR15043,11,Analyseur Air,39,"particules PM2,5",6001,PM2.5,Microgramme par m3,microg/m3,µg/m³,Grenoble les Frênes
FR15043_39_11,2021-05-02,8.6,True,FR15043,11,Analyseur Air,39,"particules PM2,5",6001,PM2.5,Microgramme par m3,microg/m3,µg/m³,Grenoble les Frênes
FR15043_39_11,2021-05-03,7,True,FR15043,11,Analyseur Air,39,"particules PM2,5",6001,PM2.5,Microgramme par m3,microg/m3,µg/m³,Grenoble les Frênes
FR15043_39_11,2021-05-04,6.4,True,FR15043,11,Analyseur Air,39,"particules PM2,5",6001,PM2.5,Microgramme par m3,microg/m3,µg/m³,Grenoble les Frênes
FR15043_39_11,2021-05-05,3.6,True,FR15043,11,Analyseur Air,39,"particules PM2,5",6001,PM2.5,Microgramme par m3,microg/m3,µg/m³,Grenoble les Frênes
FR15043_39_11,2021-05-06,7.5,True,FR15043,11,Analyseur Air,39,"particules PM2,5",6001,PM2.5,Microgramme par m3,microg/m3,µg/m³,Grenoble les Frênes
FR15043_39_11,2021-05-07,2.9,True,FR15043,11,Analyseur Air,39,"particules PM2,5",6001,PM2.5,Microgramme par m3,microg/m3,µg/m³,Grenoble les Frênes
FR15043_39_11,2021-05-08,4.2,True,FR15043,11,Analyseur Air,39,"particules PM2,5",6001,PM2.5,Microgramme par m3,microg/m3,µg/m³,Grenoble les Frênes
FR15043_39_11,2021-05-09,4.4,True,FR15043,11,Analyseur Air,39,"particules PM2,5",6001,PM2.5,Microgramme par m3,microg/m3,µg/m³,Grenoble les Frênes
FR15043_39_11,2021-05-10,2.7,True,FR15043,11,Analyseur Air,39,"particules PM2,5",6001,PM2.5,Microgramme par m3,microg/m3,µg/m³,Grenoble les Frênes
FR15043_39_11,2021-05-11,1.5,True,FR15043,11,Analyseur Air,39,"particules PM2,5",6001,PM2.5,Microgramme par m3,microg/m3,µg/m³,Grenoble les Frênes
FR15043_39_11,2021-05-12,2.9,True,FR15043,11,Analyseur Air,39,"particules PM2,5",6001,PM2.5,Microgramme par m3,microg/m3,µg/m³,Grenoble les Frênes
FR15043_39_11,2021-05-13,1.4,True,FR15043,11,Analyseur Air,39,"particules PM2,5",6001,PM2.5,Microgramme par m3,microg/m3,µg/m³,Grenoble les Frênes
FR15043_39_11,2021-05-14,2,True,FR15043,11,Analyseur Air,39,"particules PM2,5",6001,PM2.5,Microgramme par m3,microg/m3,µg/m³,Grenoble les Frênes
FR15043_39_11,2021-05-15,3.2,True,FR15043,11,Analyseur Air,39,"particules PM2,5",6001,PM2.5,Microgramme par m3,microg/m3,µg/m³,Grenoble les Frênes
FR15043_39_11,2021-05-16,3.4,True,FR15043,11,Analyseur Air,39,"particules PM2,5",6001,PM2.5,Microgramme par m3,microg/m3,µg/m³,Grenoble les Frênes
FR15043_39_11,2021-05-17,2.1,True,FR15043,11,Analyseur Air,39,"particules PM2,5",6001,PM2.5,Microgramme par m3,microg/m3,µg/m³,Grenoble les Frênes
FR15043_39_11,2021-05-18,2.7,True,FR15043,11,Analyseur Air,39,"particules PM2,5",6001,PM2.5,Microgramme par m3,microg/m3,µg/m³,Grenoble les Frênes
FR15043_39_11,2021-05-19,2.5,True,FR15043,11,Analyseur Air,39,"particules PM2,5",6001,PM2.5,Microgramme par m3,microg/m3,µg/m³,Grenoble les Frênes
FR15043_39_11,2021-05-20,2.8,True,FR15043,11,Analyseur Air,39,"particules PM2,5",6001,PM2.5,Microgramme par m3,microg/m3,µg/m³,Grenoble les Frênes
FR15043_39_11,2021-05-21,3.7,True,FR15043,11,Analyseur Air,39,"particules PM2,5",6001,PM2.5,Microgramme par m3,microg/m3,µg/m³,Grenoble les Frênes
FR15043_39_11,2021-05-22,1.8,True,FR15043,11,Analyseur Air,39,"particules PM2,5",6001,PM2.5,Microgramme par m3,microg/m3,µg/m³,Grenoble les Frênes
FR15043_39_11,2021-05-23,1.9,True,FR15043,11,Analyseur Air,39,"particules PM2,5",6001,PM2.5,Microgramme par m3,microg/m3,µg/m³,Grenoble les Frênes
FR15043_39_11,2021-05-24,3.1,True,FR15043,11,Analyseur Air,39,"particules PM2,5",6001,PM2.5,Microgramme par m3,microg/m3,µg/m³,Grenoble les Frênes
FR15043_39_11,2021-05-25,2.4,True,FR15043,11,Analyseur Air,39,"particules PM2,5",6001,PM2.5,Microgramme par m3,microg/m3,µg/m³,Grenoble les Frênes
FR15043_39_11,2021-05-26,2.8,True,FR15043,11,Analyseur Air,39,"particules PM2,5",6001,PM2.5,Microgramme par m3,microg/m3,µg/m³,Grenoble les Frênes
FR15043_39_11,2021-05-27,4.9,True,FR15043,11,Analyseur Air,39,"particules PM2,5",6001,PM2.5,Microgramme par m3,microg/m3,µg/m³,Grenoble les Frênes
FR15043_39_11,2021-05-28,4.9,True,FR15043,11,Analyseur Air,39,"particules PM2,5",6001,PM2.5,Microgramme par m3,microg/m3,µg/m³,Grenoble les Frênes
FR15043_39_11,2021-05-29,5.7,True,FR15043,11,Analyseur Air,39,"particules PM2,5",6001,PM2.5,Microgramme par m3,microg/m3,µg/m³,Grenoble les Frênes
FR15043_39_11,2021-05-30,5,True,FR15043,11,Analyseur Air,39,"particules PM2,5",6001,PM2.5,Microgramme par m3,microg/m3,µg/m³,Grenoble les Frênes
FR15043_39_11,2021-05-31,5.4,True,FR15043,11,Analyseur Air,39,"particules PM2,5",6001,PM2.5,Microgramme par m3,microg/m3,µg/m³,Grenoble les Frênes
FR15043_39_11,2021-06-01,7.2,True,FR15043,11,Analyseur Air,39,"particules PM2,5",6001,PM2.5,Microgramme par m3,microg/m3,µg/m³,Grenoble les Frênes
FR15043_39_11,2021-06-02,8.4,True,FR15043,11,Analyseur Air,39,"particules PM2,5",6001,PM2.5,Microgramme par m3,microg/m3,µg/m³,Grenoble les Frênes
FR15043_39_11,2021-06-03,8.6,True,FR15043,11,Analyseur Air,39,"particules PM2,5",6001,PM2.5,Microgramme par m3,microg/m3,µg/m³,Grenoble les Frênes
FR15043_39_11,2021-06-04,7.5,True,FR15043,11,Analyseur Air,39,"particules PM2,5",6001,PM2.5,Microgramme par m3,microg/m3,µg/m³,Grenoble les Frênes
FR15043_39_11,2021-06-05,2.9,True,FR15043,11,Analyseur Air,39,"particules PM2,5",6001,PM2.5,Microgramme par m3,microg/m3,µg/m³,Grenoble les Frênes
FR15043_39_11,2021-06-06,5.5,True,FR15043,11,Analyseur Air,39,"particules PM2,5",6001,PM2.5,Microgramme par m3,microg/m3,µg/m³,Grenoble les Frênes
FR15043_39_11,2021-06-07,8.8,True,FR15043,11,Analyseur Air,39,"particules PM2,5",6001,PM2.5,Microgramme par m3,microg/m3,µg/m³,Grenoble les Frênes
FR15043_39_11,2021-06-08,7.4,True,FR15043,11,Analyseur Air,39,"particules PM2,5",6001,PM2.5,Microgramme par m3,microg/m3,µg/m³,Grenoble les Frênes
FR15043_39_11,2021-06-09,6.6,True,FR15043,11,Analyseur Air,39,"particules PM2,5",6001,PM2.5,Microgramme par m3,microg/m3,µg/m³,Grenoble les Frênes
FR15043_39_11,2021-06-10,8.4,True,FR15043,11,Analyseur Air,39,"particules PM2,5",6001,PM2.5,Microgramme par m3,microg/m3,µg/m³,Grenoble les Frênes
FR15043_39_11,2021-06-11,11.5,True,FR15043,11,Analyseur Air,39,"particules PM2,5",6001,PM2.5,Microgramme par m3,microg/m3,µg/m³,Grenoble les Frênes
FR15043_39_11,2021-06-12,10.4,True,FR15043,11,Analyseur Air,39,"particules PM2,5",6001,PM2.5,Microgramme par m3,microg/m3,µg/m³,Grenoble les Frênes
FR15043_39_11,2021-06-13,6.6,True,FR15043,11,Analyseur Air,39,"particules PM2,5",6001,PM2.5,Microgramme par m3,microg/m3,µg/m³,Grenoble les Frênes
FR15043_39_11,2021-06-14,7,True,FR15043,11,Analyseur Air,39,"particules PM2,5",6001,PM2.5,Microgramme par m3,microg/m3,µg/m³,Grenoble les Frênes
FR15043_39_11,2021-06-15,7.7,True,FR15043,11,Analyseur Air,39,"particules PM2,5",6001,PM2.5,Microgramme par m3,microg/m3,µg/m³,Grenoble les Frênes
FR15043_39_11,2021-06-16,10.6,True,FR15043,11,Analyseur Air,39,"particules PM2,5",6001,PM2.5,Microgramme par m3,microg/m3,µg/m³,Grenoble les Frênes
FR15043_39_11,2021-06-17,14.6,True,FR15043,11,Analyseur Air,39,"particules PM2,5",6001,PM2.5,Microgramme par m3,microg/m3,µg/m³,Grenoble les Frênes
FR15043_39_11,2021-06-18,14,True,FR15043,11,Analyseur Air,39,"particules PM2,5",6001,PM2.5,Microgramme par m3,microg/m3,µg/m³,Grenoble les Frênes
FR15043_39_11,2021-06-19,19.5,True,FR15043,11,Analyseur Air,39,"particules PM2,5",6001,PM2.5,Microgramme par m3,microg/m3,µg/m³,Grenoble les Frênes
FR15043_39_11,2021-06-20,15,True,FR15043,11,Analyseur Air,39,"particules PM2,5",6001,PM2.5,Microgramme par m3,microg/m3,µg/m³,Grenoble les Frênes
FR15043_39_11,2021-06-21,6.3,True,FR15043,11,Analyseur Air,39,"particules PM2,5",6001,PM2.5,Microgramme par m3,microg/m3,µg/m³,Grenoble les Frênes
FR15043_39_11,2021-06-22,3.5,True,FR15043,11,Analyseur Air,39,"particules PM2,5",6001,PM2.5,Microgramme par m3,microg/m3,µg/m³,Grenoble les Frênes
FR15043_39_11,2021-06-23,5.7,True,FR15043,11,Analyseur Air,39,"particules PM2,5",6001,PM2.5,Microgramme par m3,microg/m3,µg/m³,Grenoble les Frênes
FR15043_39_11,2021-06-24,4.4,True,FR15043,11,Analyseur Air,39,"particules PM2,5",6001,PM2.5,Microgramme par m3,microg/m3,µg/m³,Grenoble les Frênes
FR15043_39_11,2021-06-25,5,True,FR15043,11,Analyseur Air,39,"particules PM2,5",6001,PM2.5,Microgramme par m3,microg/m3,µg/m³,Grenoble les Frênes
FR15043_39_11,2021-06-26,6.3,True,FR15043,11,Analyseur Air,39,"particules PM2,5",6001,PM2.5,Microgramme par m3,microg/m3,µg/m³,Grenoble les Frênes
FR15043_39_11,2021-06-27,7.1,True,FR15043,11,Analyseur Air,39,"particules PM2,5",6001,PM2.5,Microgramme par m3,microg/m3,µg/m³,Grenoble les Frênes
FR15043_39_11,2021-06-28,8.8,True,FR15043,11,Analyseur Air,39,"particules PM2,5",6001,PM2.5,Microgramme par m3,microg/m3,µg/m³,Grenoble les Frênes
FR15043_39_11,2021-07-02,5.1,True,FR15043,11,Analyseur Air,39,"particules PM2,5",6001,PM2.5,Microgramme par m3,microg/m3,µg/m³,Grenoble les Frênes
FR15043_39_11,2021-07-03,7.2,True,FR15043,11,Analyseur Air,39,"particules PM2,5",6001,PM2.5,Microgramme par m3,microg/m3,µg/m³,Grenoble les Frênes
FR15043_39_11,2021-07-04,5.2,True,FR15043,11,Analyseur Air,39,"particules PM2,5",6001,PM2.5,Microgramme par m3,microg/m3,µg/m³,Grenoble les Frênes
FR15043_39_11,2021-07-05,3.6,True,FR15043,11,Analyseur Air,39,"particules PM2,5",6001,PM2.5,Microgramme par m3,microg/m3,µg/m³,Grenoble les Frênes
FR15043_39_11,2021-07-06,5.8,True,FR15043,11,Analyseur Air,39,"particules PM2,5",6001,PM2.5,Microgramme par m3,microg/m3,µg/m³,Grenoble les Frênes
FR15043_39_11,2021-07-07,3.6,True,FR15043,11,Analyseur Air,39,"particules PM2,5",6001,PM2.5,Microgramme par m3,microg/m3,µg/m³,Grenoble les Frênes
FR15043_39_11,2021-07-08,3.5,True,FR15043,11,Analyseur Air,39,"particules PM2,5",6001,PM2.5,Microgramme par m3,microg/m3,µg/m³,Grenoble les Frênes
FR15043_39_11,2021-07-09,4.3,True,FR15043,11,Analyseur Air,39,"particules PM2,5",6001,PM2.5,Microgramme par m3,microg/m3,µg/m³,Grenoble les Frênes
FR15043_39_11,2021-07-10,5.1,True,FR15043,11,Analyseur Air,39,"particules PM2,5",6001,PM2.5,Microgramme par m3,microg/m3,µg/m³,Grenoble les Frênes
FR15043_39_11,2021-07-11,5.4,True,FR15043,11,Analyseur Air,39,"particules PM2,5",6001,PM2.5,Microgramme par m3,microg/m3,µg/m³,Grenoble les Frênes
FR15043_39_11,2021-07-12,7.4,True,FR15043,11,Analyseur Air,39,"particules PM2,5",6001,PM2.5,Microgramme par m3,microg/m3,µg/m³,Grenoble les Frênes
FR15043_39_11,2021-07-13,2.6,True,FR15043,11,Analyseur Air,39,"particules PM2,5",6001,PM2.5,Microgramme par m3,microg/m3,µg/m³,Grenoble les Frênes
FR15043_39_11,2021-07-14,3.1,True,FR15043,11,Analyseur Air,39,"particules PM2,5",6001,PM2.5,Microgramme par m3,microg/m3,µg/m³,Grenoble les Frênes
FR15043_39_11,2021-07-16,3.5,True,FR15043,11,Analyseur Air,39,"particules PM2,5",6001,PM2.5,Microgramme par m3,microg/m3,µg/m³,Grenoble les Frênes
FR15043_39_11,2021-07-17,7.4,True,FR15043,11,Analyseur Air,39,"particules PM2,5",6001,PM2.5,Microgramme par m3,microg/m3,µg/m³,Grenoble les Frênes
FR15043_39_11,2021-07-18,9.4,True,FR15043,11,Analyseur Air,39,"particules PM2,5",6001,PM2.5,Microgramme par m3,microg/m3,µg/m³,Grenoble les Frênes
FR15043_39_11,2021-07-19,10,True,FR15043,11,Analyseur Air,39,"particules PM2,5",6001,PM2.5,Microgramme par m3,microg/m3,µg/m³,Grenoble les Frênes
FR15043_39_11,2021-07-20,12,True,FR15043,11,Analyseur Air,39,"particules PM2,5",6001,PM2.5,Microgramme par m3,microg/m3,µg/m³,Grenoble les Frênes
FR15043_39_11,2021-07-21,15.9,True,FR15043,11,Analyseur Air,39,"particules PM2,5",6001,PM2.5,Microgramme par m3,microg/m3,µg/m³,Grenoble les Frênes
FR15043_39_11,2021-07-22,14.7,True,FR15043,11,Analyseur Air,39,"particules PM2,5",6001,PM2.5,Microgramme par m3,microg/m3,µg/m³,Grenoble les Frênes
FR15043_39_11,2021-07-23,14,True,FR15043,11,Analyseur Air,39,"particules PM2,5",6001,PM2.5,Microgramme par m3,microg/m3,µg/m³,Grenoble les Frênes
FR15043_39_11,2021-07-24,8.7,True,FR15043,11,Analyseur Air,39,"particules PM2,5",6001,PM2.5,Microgramme par m3,microg/m3,µg/m³,Grenoble les Frênes
FR15043_39_11,2021-07-25,5.4,True,FR15043,11,Analyseur Air,39,"particules PM2,5",6001,PM2.5,Microgramme par m3,microg/m3,µg/m³,Grenoble les Frênes
FR15043_39_11,2021-07-26,6.7,True,FR15043,11,Analyseur Air,39,"particules PM2,5",6001,PM2.5,Microgramme par m3,microg/m3,µg/m³,Grenoble les Frênes
FR15043_39_11,2021-07-27,9.2,True,FR15043,11,Analyseur Air,39,"particules PM2,5",6001,PM2.5,Microgramme par m3,microg/m3,µg/m³,Grenoble les Frênes
FR15043_39_11,2021-07-28,5.9,True,FR15043,11,Analyseur Air,39,"particules PM2,5",6001,PM2.5,Microgramme par m3,microg/m3,µg/m³,Grenoble les Frênes
FR15043_39_11,2021-07-29,7.6,True,FR15043,11,Analyseur Air,39,"particules PM2,5",6001,PM2.5,Microgramme par m3,microg/m3,µg/m³,Grenoble les Frênes
FR15043_39_11,2021-07-30,8.3,True,FR15043,11,Analyseur Air,39,"particules PM2,5",6001,PM2.5,Microgramme par m3,microg/m3,µg/m³,Grenoble les Frênes
FR15043_39_11,2021-07-31,5.6,True,FR15043,11,Analyseur Air,39,"particules PM2,5",6001,PM2.5,Microgramme par m3,microg/m3,µg/m³,Grenoble les Frênes
FR15043_39_11,2021-08-01,3.7,True,FR15043,11,Analyseur Air,39,"particules PM2,5",6001,PM2.5,Microgramme par m3,microg/m3,µg/m³,Grenoble les Frênes
FR15043_39_11,2021-08-02,3.1,True,FR15043,11,Analyseur Air,39,"particules PM2,5",6001,PM2.5,Microgramme par m3,microg/m3,µg/m³,Grenoble les Frênes
FR15043_39_11,2021-08-03,4.7,True,FR15043,11,Analyseur Air,39,"particules PM2,5",6001,PM2.5,Microgramme par m3,microg/m3,µg/m³,Grenoble les Frênes
FR15043_39_11,2021-08-04,3.7,True,FR15043,11,Analyseur Air,39,"particules PM2,5",6001,PM2.5,Microgramme par m3,microg/m3,µg/m³,Grenoble les Frênes
FR15043_39_11,2021-08-05,3.3,True,FR15043,11,Analyseur Air,39,"particules PM2,5",6001,PM2.5,Microgramme par m3,microg/m3,µg/m³,Grenoble les Frênes
FR15043_39_11,2021-08-06,4.2,True,FR15043,11,Analyseur Air,39,"particules PM2,5",6001,PM2.5,Microgramme par m3,microg/m3,µg/m³,Grenoble les Frênes
FR15043_39_11,2021-08-07,3.6,True,FR15043,11,Analyseur Air,39,"particules PM2,5",6001,PM2.5,Microgramme par m3,microg/m3,µg/m³,Grenoble les Frênes
FR15043_39_11,2021-08-08,3.1,True,FR15043,11,Analyseur Air,39,"particules PM2,5",6001,PM2.5,Microgramme par m3,microg/m3,µg/m³,Grenoble les Frênes
FR15043_39_11,2021-08-09,3.9,True,FR15043,11,Analyseur Air,39,"particules PM2,5",6001,PM2.5,Microgramme par m3,microg/m3,µg/m³,Grenoble les Frênes
FR15043_39_11,2021-08-10,6.2,True,FR15043,11,Analyseur Air,39,"particules PM2,5",6001,PM2.5,Microgramme par m3,microg/m3,µg/m³,Grenoble les Frênes
FR15043_39_11,2021-08-11,9.2,True,FR15043,11,Analyseur Air,39,"particules PM2,5",6001,PM2.5,Microgramme par m3,microg/m3,µg/m³,Grenoble les Frênes
FR15043_39_11,2021-08-12,11.3,True,FR15043,11,Analyseur Air,39,"particules PM2,5",6001,PM2.5,Microgramme par m3,microg/m3,µg/m³,Grenoble les Frênes
FR15043_39_11,2021-08-13,11.1,True,FR15043,11,Analyseur Air,39,"particules PM2,5",6001,PM2.5,Microgramme par m3,microg/m3,µg/m³,Grenoble les Frênes
FR15043_39_11,2021-08-14,15.3,True,FR15043,11,Analyseur Air,39,"particules PM2,5",6001,PM2.5,Microgramme par m3,microg/m3,µg/m³,Grenoble les Frênes
FR15043_39_11,2021-08-15,18.4,True,FR15043,11,Analyseur Air,39,"particules PM2,5",6001,PM2.5,Microgramme par m3,microg/m3,µg/m³,Grenoble les Frênes
FR15043_39_11,2021-08-16,5.1,True,FR15043,11,Analyseur Air,39,"particules PM2,5",6001,PM2.5,Microgramme par m3,microg/m3,µg/m³,Grenoble les Frênes
FR15043_39_11,2021-08-17,7.3,True,FR15043,11,Analyseur Air,39,"particules PM2,5",6001,PM2.5,Microgramme par m3,microg/m3,µg/m³,Grenoble les Frênes
FR15043_39_11,2021-08-18,10.2,True,FR15043,11,Analyseur Air,39,"particules PM2,5",6001,PM2.5,Microgramme par m3,microg/m3,µg/m³,Grenoble les Frênes
FR15043_39_11,2021-08-19,5.1,True,FR15043,11,Analyseur Air,39,"particules PM2,5",6001,PM2.5,Microgramme par m3,microg/m3,µg/m³,Grenoble les Frênes
FR15043_39_11,2021-08-20,6.4,True,FR15043,11,Analyseur Air,39,"particules PM2,5",6001,PM2.5,Microgramme par m3,microg/m3,µg/m³,Grenoble les Frênes
FR15043_39_11,2021-08-21,7,True,FR15043,11,Analyseur Air,39,"particules PM2,5",6001,PM2.5,Microgramme par m3,microg/m3,µg/m³,Grenoble les Frênes
FR15043_39_11,2021-08-22,5.9,True,FR15043,11,Analyseur Air,39,"particules PM2,5",6001,PM2.5,Microgramme par m3,microg/m3,µg/m³,Grenoble les Frênes
FR15043_39_11,2021-08-23,3.8,True,FR15043,11,Analyseur Air,39,"particules PM2,5",6001,PM2.5,Microgramme par m3,microg/m3,µg/m³,Grenoble les Frênes
FR15043_39_11,2021-08-24,4.9,True,FR15043,11,Analyseur Air,39,"particules PM2,5",6001,PM2.5,Microgramme par m3,microg/m3,µg/m³,Grenoble les Frênes
FR15043_39_11,2021-08-25,5.7,True,FR15043,11,Analyseur Air,39,"particules PM2,5",6001,PM2.5,Microgramme par m3,microg/m3,µg/m³,Grenoble les Frênes
FR15043_39_11,2021-08-26,7.3,True,FR15043,11,Analyseur Air,39,"particules PM2,5",6001,PM2.5,Microgramme par m3,microg/m3,µg/m³,Grenoble les Frênes
FR15043_39_11,2021-08-27,5.8,True,FR15043,11,Analyseur Air,39,"particules PM2,5",6001,PM2.5,Microgramme par m3,microg/m3,µg/m³,Grenoble les Frênes
FR15043_39_11,2021-08-28,3.8,True,FR15043,11,Analyseur Air,39,"particules PM2,5",6001,PM2.5,Microgramme par m3,microg/m3,µg/m³,Grenoble les Frênes
FR15043_39_11,2021-08-29,3.5,True,FR15043,11,Analyseur Air,39,"particules PM2,5",6001,PM2.5,Microgramme par m3,microg/m3,µg/m³,Grenoble les Frênes
FR15043_39_11,2021-08-30,4.9,True,FR15043,11,Analyseur Air,39,"particules PM2,5",6001,PM2.5,Microgramme par m3,microg/m3,µg/m³,Grenoble les Frênes
FR15043_39_11,2021-08-31,5.6,True,FR15043,11,Analyseur Air,39,"particules PM2,5",6001,PM2.5,Microgramme par m3,microg/m3,µg/m³,Grenoble les Frênes
FR15043_39_11,2021-09-01,7.1,True,FR15043,11,Analyseur Air,39,"particules PM2,5",6001,PM2.5,Microgramme par m3,microg/m3,µg/m³,Grenoble les Frênes
FR15043_39_11,2021-09-02,8,True,FR15043,11,Analyseur Air,39,"particules PM2,5",6001,PM2.5,Microgramme par m3,microg/m3,µg/m³,Grenoble les Frênes
FR15043_39_11,2021-09-03,8.2,True,FR15043,11,Analyseur Air,39,"particules PM2,5",6001,PM2.5,Microgramme par m3,microg/m3,µg/m³,Grenoble les Frênes
FR15043_39_11,2021-09-04,6.4,True,FR15043,11,Analyseur Air,39,"particules PM2,5",6001,PM2.5,Microgramme par m3,microg/m3,µg/m³,Grenoble les Frênes
FR15043_39_11,2021-09-05,7.4,True,FR15043,11,Analyseur Air,39,"particules PM2,5",6001,PM2.5,Microgramme par m3,microg/m3,µg/m³,Grenoble les Frênes
FR15043_39_11,2021-09-17,6.8,True,FR15043,11,Analyseur Air,39,"particules PM2,5",6001,PM2.5,Microgramme par m3,microg/m3,µg/m³,Grenoble les Frênes
FR15043_39_11,2021-09-18,6.2,True,FR15043,11,Analyseur Air,39,"particules PM2,5",6001,PM2.5,Microgramme par m3,microg/m3,µg/m³,Grenoble les Frênes
FR15043_39_11,2021-09-19,1.6,True,FR15043,11,Analyseur Air,39,"particules PM2,5",6001,PM2.5,Microgramme par m3,microg/m3,µg/m³,Grenoble les Frênes
FR15043_39_11,2021-09-20,2.3,True,FR15043,11,Analyseur Air,39,"particules PM2,5",6001,PM2.5,Microgramme par m3,microg/m3,µg/m³,Grenoble les Frênes
FR15043_39_11,2021-09-21,3.8,True,FR15043,11,Analyseur Air,39,"particules PM2,5",6001,PM2.5,Microgramme par m3,microg/m3,µg/m³,Grenoble les Frênes
FR15043_39_11,2021-09-22,7.1,True,FR15043,11,Analyseur Air,39,"particules PM2,5",6001,PM2.5,Microgramme par m3,microg/m3,µg/m³,Grenoble les Frênes
FR15043_39_11,2021-09-23,8.6,True,FR15043,11,Analyseur Air,39,"particules PM2,5",6001,PM2.5,Microgramme par m3,microg/m3,µg/m³,Grenoble les Frênes
FR15043_39_11,2021-09-24,8.6,True,FR15043,11,Analyseur Air,39,"particules PM2,5",6001,PM2.5,Microgramme par m3,microg/m3,µg/m³,Grenoble les Frênes
FR15043_39_11,2021-09-25,9.1,True,FR15043,11,Analyseur Air,39,"particules PM2,5",6001,PM2.5,Microgramme par m3,microg/m3,µg/m³,Grenoble les Frênes
FR15043_39_11,2021-09-26,7.9,True,FR15043,11,Analyseur Air,39,"particules PM2,5",6001,PM2.5,Microgramme par m3,microg/m3,µg/m³,Grenoble les Frênes
FR15043_39_11,2021-09-27,8.1,True,FR15043,11,Analyseur Air,39,"particules PM2,5",6001,PM2.5,Microgramme par m3,microg/m3,µg/m³,Grenoble les Frênes
FR15043_39_11,2021-10-01,7.6,True,FR15043,11,Analyseur Air,39,"particules PM2,5",6001,PM2.5,Microgramme par m3,microg/m3,µg/m³,Grenoble les Frênes
FR15043_39_11,2021-10-02,7.3,True,FR15043,11,Analyseur Air,39,"particules PM2,5",6001,PM2.5,Microgramme par m3,microg/m3,µg/m³,Grenoble les Frênes
FR15043_39_11,2021-10-04,1.2,True,FR15043,11,Analyseur Air,39,"particules PM2,5",6001,PM2.5,Microgramme par m3,microg/m3,µg/m³,Grenoble les Frênes
FR15043_39_11,2021-10-05,2.6,True,FR15043,11,Analyseur Air,39,"particules PM2,5",6001,PM2.5,Microgramme par m3,microg/m3,µg/m³,Grenoble les Frênes
FR15043_39_11,2021-10-06,2.3,True,FR15043,11,Analyseur Air,39,"particules PM2,5",6001,PM2.5,Microgramme par m3,microg/m3,µg/m³,Grenoble les Frênes
FR15043_39_11,2021-10-07,2.5,True,FR15043,11,Analyseur Air,39,"particules PM2,5",6001,PM2.5,Microgramme par m3,microg/m3,µg/m³,Grenoble les Frênes
FR15043_39_11,2021-10-08,6,True,FR15043,11,Analyseur Air,39,"particules PM2,5",6001,PM2.5,Microgramme par m3,microg/m3,µg/m³,Grenoble les Frênes
FR15043_39_11,2021-10-09,9.3,True,FR15043,11,Analyseur Air,39,"particules PM2,5",6001,PM2.5,Microgramme par m3,microg/m3,µg/m³,Grenoble les Frênes
FR15043_39_11,2021-10-10,12.3,True,FR15043,11,Analyseur Air,39,"particules PM2,5",6001,PM2.5,Microgramme par m3,microg/m3,µg/m³,Grenoble les Frênes
FR15043_39_11,2021-10-11,11.3,True,FR15043,11,Analyseur Air,39,"particules PM2,5",6001,PM2.5,Microgramme par m3,microg/m3,µg/m³,Grenoble les Frênes
FR15043_39_11,2021-10-12,11.2,True,FR15043,11,Analyseur Air,39,"particules PM2,5",6001,PM2.5,Microgramme par m3,microg/m3,µg/m³,Grenoble les Frênes
FR15043_39_11,2021-10-13,6.1,True,FR15043,11,Analyseur Air,39,"particules PM2,5",6001,PM2.5,Microgramme par m3,microg/m3,µg/m³,Grenoble les Frênes
FR15043_39_11,2021-10-14,8.3,True,FR15043,11,Analyseur Air,39,"particules PM2,5",6001,PM2.5,Microgramme par m3,microg/m3,µg/m³,Grenoble les Frênes
FR15043_39_11,2021-10-15,9.5,True,FR15043,11,Analyseur Air,39,"particules PM2,5",6001,PM2.5,Microgramme par m3,microg/m3,µg/m³,Grenoble les Frênes
FR15043_39_11,2021-10-16,11.9,True,FR15043,11,Analyseur Air,39,"particules PM2,5",6001,PM2.5,Microgramme par m3,microg/m3,µg/m³,Grenoble les Frênes
FR15043_39_11,2021-10-17,10.7,True,FR15043,11,Analyseur Air,39,"particules PM2,5",6001,PM2.5,Microgramme par m3,microg/m3,µg/m³,Grenoble les Frênes
FR15043_39_11,2021-10-18,8.9,True,FR15043,11,Analyseur Air,39,"particules PM2,5",6001,PM2.5,Microgramme par m3,microg/m3,µg/m³,Grenoble les Frênes
FR15043_39_11,2021-10-19,9.7,True,FR15043,11,Analyseur Air,39,"particules PM2,5",6001,PM2.5,Microgramme par m3,microg/m3,µg/m³,Grenoble les Frênes
FR15043_39_11,2021-10-20,6.3,True,FR15043,11,Analyseur Air,39,"particules PM2,5",6001,PM2.5,Microgramme par m3,microg/m3,µg/m³,Grenoble les Frênes
FR15043_39_11,2021-10-21,4.6,True,FR15043,11,Analyseur Air,39,"particules PM2,5",6001,PM2.5,Microgramme par m3,microg/m3,µg/m³,Grenoble les Frênes
FR15043_39_11,2021-10-22,4.7,True,FR15043,11,Analyseur Air,39,"particules PM2,5",6001,PM2.5,Microgramme par m3,microg/m3,µg/m³,Grenoble les Frênes
FR15043_39_11,2021-10-23,6.8,True,FR15043,11,Analyseur Air,39,"particules PM2,5",6001,PM2.5,Microgramme par m3,microg/m3,µg/m³,Grenoble les Frênes
FR15043_39_11,2021-10-24,7.8,True,FR15043,11,Analyseur Air,39,"particules PM2,5",6001,PM2.5,Microgramme par m3,microg/m3,µg/m³,Grenoble les Frênes
FR15043_39_11,2021-10-25,9.6,True,FR15043,11,Analyseur Air,39,"particules PM2,5",6001,PM2.5,Microgramme par m3,microg/m3,µg/m³,Grenoble les Frênes
FR15043_39_11,2021-10-26,8.3,True,FR15043,11,Analyseur Air,39,"particules PM2,5",6001,PM2.5,Microgramme par m3,microg/m3,µg/m³,Grenoble les Frênes
FR15043_39_11,2021-10-27,8.4,True,FR15043,11,Analyseur Air,39,"particules PM2,5",6001,PM2.5,Microgramme par m3,microg/m3,µg/m³,Grenoble les Frênes
FR15043_39_11,2021-10-28,10.6,True,FR15043,11,Analyseur Air,39,"particules PM2,5",6001,PM2.5,Microgramme par m3,microg/m3,µg/m³,Grenoble les Frênes
FR15043_39_11,2021-10-29,8.3,True,FR15043,11,Analyseur Air,39,"particules PM2,5",6001,PM2.5,Microgramme par m3,microg/m3,µg/m³,Grenoble les Frênes
FR15043_39_11,2021-10-30,2.5,True,FR15043,11,Analyseur Air,39,"particules PM2,5",6001,PM2.5,Microgramme par m3,microg/m3,µg/m³,Grenoble les Frênes
FR15043_39_11,2021-10-31,2.5,True,FR15043,11,Analyseur Air,39,"particules PM2,5",6001,PM2.5,Microgramme par m3,microg/m3,µg/m³,Grenoble les Frênes
FR15043_39_11,2021-11-01,3.4,True,FR15043,11,Analyseur Air,39,"particules PM2,5",6001,PM2.5,Microgramme par m3,microg/m3,µg/m³,Grenoble les Frênes
FR15043_39_11,2021-11-02,3.5,True,FR15043,11,Analyseur Air,39,"particules PM2,5",6001,PM2.5,Microgramme par m3,microg/m3,µg/m³,Grenoble les Frênes
FR15043_39_11,2021-11-03,2.8,True,FR15043,11,Analyseur Air,39,"particules PM2,5",6001,PM2.5,Microgramme par m3,microg/m3,µg/m³,Grenoble les Frênes
FR15043_39_11,2021-11-04,5.8,True,FR15043,11,Analyseur Air,39,"particules PM2,5",6001,PM2.5,Microgramme par m3,microg/m3,µg/m³,Grenoble les Frênes
FR15043_39_11,2021-11-05,9.3,True,FR15043,11,Analyseur Air,39,"particules PM2,5",6001,PM2.5,Microgramme par m3,microg/m3,µg/m³,Grenoble les Frênes
FR15043_39_11,2021-11-06,9.1,True,FR15043,11,Analyseur Air,39,"particules PM2,5",6001,PM2.5,Microgramme par m3,microg/m3,µg/m³,Grenoble les Frênes
FR15043_39_11,2021-11-07,14.5,True,FR15043,11,Analyseur Air,39,"particules PM2,5",6001,PM2.5,Microgramme par m3,microg/m3,µg/m³,Grenoble les Frênes
FR15043_39_11,2021-11-08,12.2,True,FR15043,11,Analyseur Air,39,"particules PM2,5",6001,PM2.5,Microgramme par m3,microg/m3,µg/m³,Grenoble les Frênes
FR15043_39_11,2021-11-09,12.4,True,FR15043,11,Analyseur Air,39,"particules PM2,5",6001,PM2.5,Microgramme par m3,microg/m3,µg/m³,Grenoble les Frênes
FR15043_39_11,2021-11-10,19.3,True,FR15043,11,Analyseur Air,39,"particules PM2,5",6001,PM2.5,Microgramme par m3,microg/m3,µg/m³,Grenoble les Frênes
FR15043_39_11,2021-11-11,24,True,FR15043,11,Analyseur Air,39,"particules PM2,5",6001,PM2.5,Microgramme par m3,microg/m3,µg/m³,Grenoble les Frênes
FR15043_39_11,2021-11-12,26.2,True,FR15043,11,Analyseur Air,39,"particules PM2,5",6001,PM2.5,Microgramme par m3,microg/m3,µg/m³,Grenoble les Frênes
FR15043_39_11,2021-11-13,20.2,True,FR15043,11,Analyseur Air,39,"particules PM2,5",6001,PM2.5,Microgramme par m3,microg/m3,µg/m³,Grenoble les Frênes
FR15043_39_11,2021-11-14,18.1,True,FR15043,11,Analyseur Air,39,"particules PM2,5",6001,PM2.5,Microgramme par m3,microg/m3,µg/m³,Grenoble les Frênes
FR15043_39_11,2021-11-15,12,True,FR15043,11,Analyseur Air,39,"particules PM2,5",6001,PM2.5,Microgramme par m3,microg/m3,µg/m³,Grenoble les Frênes
FR15043_39_11,2021-11-16,13.2,True,FR15043,11,Analyseur Air,39,"particules PM2,5",6001,PM2.5,Microgramme par m3,microg/m3,µg/m³,Grenoble les Frênes
FR15043_39_11,2021-11-17,4,True,FR15043,11,Analyseur Air,39,"particules PM2,5",6001,PM2.5,Microgramme par m3,microg/m3,µg/m³,Grenoble les Frênes
FR15043_39_11,2021-11-18,12.4,True,FR15043,11,Analyseur Air,39,"particules PM2,5",6001,PM2.5,Microgramme par m3,microg/m3,µg/m³,Grenoble les Frênes
FR15043_39_11,2021-11-19,9.8,True,FR15043,11,Analyseur Air,39,"particules PM2,5",6001,PM2.5,Microgramme par m3,microg/m3,µg/m³,Grenoble les Frênes
FR15043_39_11,2021-11-20,23,True,FR15043,11,Analyseur Air,39,"particules PM2,5",6001,PM2.5,Microgramme par m3,microg/m3,µg/m³,Grenoble les Frênes
FR15043_39_11,2021-11-21,27.2,True,FR15043,11,Analyseur Air,39,"particules PM2,5",6001,PM2.5,Microgramme par m3,microg/m3,µg/m³,Grenoble les Frênes
FR15043_39_11,2021-11-22,12.3,True,FR15043,11,Analyseur Air,39,"particules PM2,5",6001,PM2.5,Microgramme par m3,microg/m3,µg/m³,Grenoble les Frênes
FR15043_39_11,2021-11-23,14.3,True,FR15043,11,Analyseur Air,39,"particules PM2,5",6001,PM2.5,Microgramme par m3,microg/m3,µg/m³,Grenoble les Frênes
FR15043_39_11,2021-11-24,13.2,True,FR15043,11,Analyseur Air,39,"particules PM2,5",6001,PM2.5,Microgramme par m3,microg/m3,µg/m³,Grenoble les Frênes
FR15043_39_11,2021-11-25,24.5,True,FR15043,11,Analyseur Air,39,"particules PM2,5",6001,PM2.5,Microgramme par m3,microg/m3,µg/m³,Grenoble les Frênes
FR15043_39_11,2021-11-26,16.3,True,FR15043,11,Analyseur Air,39,"particules PM2,5",6001,PM2.5,Microgramme par m3,microg/m3,µg/m³,Grenoble les Frênes
FR15043_39_11,2021-11-27,14.4,True,FR15043,11,Analyseur Air,39,"particules PM2,5",6001,PM2.5,Microgramme par m3,microg/m3,µg/m³,Grenoble les Frênes
FR15043_39_11,2021-11-28,4.7,True,FR15043,11,Analyseur Air,39,"particules PM2,5",6001,PM2.5,Microgramme par m3,microg/m3,µg/m³,Grenoble les Frênes
FR15043_39_11,2021-11-29,3.6,True,FR15043,11,Analyseur Air,39,"particules PM2,5",6001,PM2.5,Microgramme par m3,microg/m3,µg/m³,Grenoble les Frênes
FR15043_39_11,2021-11-30,12.6,True,FR15043,11,Analyseur Air,39,"particules PM2,5",6001,PM2.5,Microgramme par m3,microg/m3,µg/m³,Grenoble les Frênes
FR15043_39_11,2021-12-01,17.2,True,FR15043,11,Analyseur Air,39,"particules PM2,5",6001,PM2.5,Microgramme par m3,microg/m3,µg/m³,Grenoble les Frênes
FR15043_39_11,2021-12-02,10.4,True,FR15043,11,Analyseur Air,39,"particules PM2,5",6001,PM2.5,Microgramme par m3,microg/m3,µg/m³,Grenoble les Frênes
FR15043_39_11,2021-12-03,8.5,True,FR15043,11,Analyseur Air,39,"particules PM2,5",6001,PM2.5,Microgramme par m3,microg/m3,µg/m³,Grenoble les Frênes
FR15043_39_11,2021-12-04,11.9,True,FR15043,11,Analyseur Air,39,"particules PM2,5",6001,PM2.5,Microgramme par m3,microg/m3,µg/m³,Grenoble les Frênes
FR15043_39_11,2021-12-05,7.2,True,FR15043,11,Analyseur Air,39,"particules PM2,5",6001,PM2.5,Microgramme par m3,microg/m3,µg/m³,Grenoble les Frênes
FR15043_39_11,2021-12-06,12.6,True,FR15043,11,Analyseur Air,39,"particules PM2,5",6001,PM2.5,Microgramme par m3,microg/m3,µg/m³,Grenoble les Frênes
FR15043_39_11,2021-12-07,14.1,True,FR15043,11,Analyseur Air,39,"particules PM2,5",6001,PM2.5,Microgramme par m3,microg/m3,µg/m³,Grenoble les Frênes
FR15043_39_11,2021-12-08,8.2,True,FR15043,11,Analyseur Air,39,"particules PM2,5",6001,PM2.5,Microgramme par m3,microg/m3,µg/m³,Grenoble les Frênes
FR15043_39_11,2021-12-09,9.4,True,FR15043,11,Analyseur Air,39,"particules PM2,5",6001,PM2.5,Microgramme par m3,microg/m3,µg/m³,Grenoble les Frênes
FR15043_39_11,2021-12-10,6.1,True,FR15043,11,Analyseur Air,39,"particules PM2,5",6001,PM2.5,Microgramme par m3,microg/m3,µg/m³,Grenoble les Frênes
FR15043_39_11,2021-12-11,7.1,True,FR15043,11,Analyseur Air,39,"particules PM2,5",6001,PM2.5,Microgramme par m3,microg/m3,µg/m³,Grenoble les Frênes
FR15043_39_11,2021-12-12,14.8,True,FR15043,11,Analyseur Air,39,"particules PM2,5",6001,PM2.5,Microgramme par m3,microg/m3,µg/m³,Grenoble les Frênes
FR15043_39_11,2021-12-13,25.1,True,FR15043,11,Analyseur Air,39,"particules PM2,5",6001,PM2.5,Microgramme par m3,microg/m3,µg/m³,Grenoble les Frênes
FR15043_39_11,2021-12-14,22.2,True,FR15043,11,Analyseur Air,39,"particules PM2,5",6001,PM2.5,Microgramme par m3,microg/m3,µg/m³,Grenoble les Frênes
FR15043_39_11,2021-12-15,18.3,True,FR15043,11,Analyseur Air,39,"particules PM2,5",6001,PM2.5,Microgramme par m3,microg/m3,µg/m³,Grenoble les Frênes
FR15043_39_11,2021-12-16,16.9,True,FR15043,11,Analyseur Air,39,"particules PM2,5",6001,PM2.5,Microgramme par m3,microg/m3,µg/m³,Grenoble les Frênes
FR15043_39_11,2021-12-17,13.2,True,FR15043,11,Analyseur Air,39,"particules PM2,5",6001,PM2.5,Microgramme par m3,microg/m3,µg/m³,Grenoble les Frênes
FR15043_39_11,2021-12-18,18,True,FR15043,11,Analyseur Air,39,"particules PM2,5",6001,PM2.5,Microgramme par m3,microg/m3,µg/m³,Grenoble les Frênes
FR15043_39_11,2021-12-19,28.2,True,FR15043,11,Analyseur Air,39,"particules PM2,5",6001,PM2.5,Microgramme par m3,microg/m3,µg/m³,Grenoble les Frênes
FR15043_39_11,2021-12-20,25.3,True,FR15043,11,Analyseur Air,39,"particules PM2,5",6001,PM2.5,Microgramme par m3,microg/m3,µg/m³,Grenoble les Frênes
FR15043_39_11,2021-12-21,25.3,True,FR15043,11,Analyseur Air,39,"particules PM2,5",6001,PM2.5,Microgramme par m3,microg/m3,µg/m³,Grenoble les Frênes
FR15043_39_11,2021-12-22,33.4,True,FR15043,11,Analyseur Air,39,"particules PM2,5",6001,PM2.5,Microgramme par m3,microg/m3,µg/m³,Grenoble les Frênes
FR15043_39_11,2021-12-23,30.3,True,FR15043,11,Analyseur Air,39,"particules PM2,5",6001,PM2.5,Microgramme par m3,microg/m3,µg/m³,Grenoble les Frênes
FR15043_39_11,2021-12-24,36.9,True,FR15043,11,Analyseur Air,39,"particules PM2,5",6001,PM2.5,Microgramme par m3,microg/m3,µg/m³,Grenoble les Frênes
FR15043_39_11,2021-12-25,32.9,True,FR15043,11,Analyseur Air,39,"particules PM2,5",6001,PM2.5,Microgramme par m3,microg/m3,µg/m³,Grenoble les Frênes
FR15043_39_11,2021-12-26,20.4,True,FR15043,11,Analyseur Air,39,"particules PM2,5",6001,PM2.5,Microgramme par m3,microg/m3,µg/m³,Grenoble les Frênes
FR15043_39_11,2021-12-27,21,True,FR15043,11,Analyseur Air,39,"particules PM2,5",6001,PM2.5,Microgramme par m3,microg/m3,µg/m³,Grenoble les Frênes
FR15043_39_11,2021-12-28,14.2,True,FR15043,11,Analyseur Air,39,"particules PM2,5",6001,PM2.5,Microgramme par m3,microg/m3,µg/m³,Grenoble les Frênes
